order_id,customer_state,main_category,order_revenue,freight_value,delivery_days,delivery_delay_days,review_score,bad_review_risk
88b67ddbb7527017f796c80b3bb38051,SP,watches_gifts,1999.9,28.75,35.0,18.0,1.0,0.892468509610038
e7ab20977cf6ea5cc4a63b3ecf897dd3,SP,housewares,1489.0,22.86,33.0,16.0,1.0,0.88722955137751
507a6db9c4fdc782cddab2d468782a97,RJ,bed_bath_table,56.99,19.37,56.0,19.0,1.0,0.8865191649257438
fdddc15fc7b9c37476820d6eb722f33b,PE,computers,1100.0,29.57,52.0,31.0,1.0,0.884279646609168
d9184093392a8a7af118edd2a5c9aabc,CE,bed_bath_table,48.9,38.4,55.0,19.0,1.0,0.8806380807072453
9262aac73cb6b5fc9e1470cc0caeebfd,PA,telephony,49.99,37.04,55.0,19.0,1.0,0.8803516623581732
190557ff9eb3797082b5279359cf7bef,RJ,toys,70.97,17.75,58.0,26.0,1.0,0.8802293871357382
d41eaefcbf24537ea6d79847d02a02f7,RJ,pet_shop,95.0,18.25,52.0,20.0,1.0,0.879831690904776
0dba8cb0559eb37cc0217a28496b5f07,RJ,luggage_accessories,54.9,17.95,50.0,19.0,1.0,0.8796072193338178
bde06a769a934fd5e54ef3a8019a4e72,MA,auto,199.9,43.81,64.0,26.0,1.0,0.8795743442407705
0f7f3fcd5523d759e8e17084e45439d5,RN,perfumery,108.0,34.56,60.0,27.0,1.0,0.8793730310258919
b121103b92afc327fb33d0e75b368a72,SP,health_beauty,1149.65,22.8,52.0,26.0,1.0,0.8789828194831466
e33ed9bacaf02833f0c4dff6e8e20bff,AL,audio,79.0,20.6,52.0,19.0,1.0,0.8789294502373991
6325af88a0611fc357055cb87dcec11e,MG,computers_accessories,77.9,22.48,61.0,27.0,1.0,0.8779452870736684
8a978fd62dcc5d4c42fe95a394f718bb,SE,watches_gifts,190.83,35.14,55.0,23.0,1.0,0.8770508751564308
4a6591a486da3e568782dd196ea19e41,MG,watches_gifts,98.9,26.77,54.0,23.0,1.0,0.8759698432406241
4f7ce3efe568a5e57290a9fa3e45b1f5,PI,sports_leisure,1695.0,32.67,40.0,15.0,1.0,0.8746811455048757
3b786bf128186200f49a2d025c9148f4,PB,telephony,49.99,34.15,62.0,28.0,1.0,0.8741201277946727
45b0a671da62d1c868294b22b4837dca,RJ,computers_accessories,149.0,40.37,54.0,27.0,1.0,0.8736345266081941
3d894f368ae702ec71a9db9d4d21291d,SE,telephony,97.9,34.49,53.0,22.0,1.0,0.8735993950774388
bf20a3dc1ce70ff4b1c392d2efb503ad,RJ,health_beauty,64.99,18.02,49.0,22.0,1.0,0.8734462123408321
4190ab61a7fced69f3ee84d1da1120cc,BA,computers_accessories,172.5,38.76,54.0,20.0,1.0,0.8733392111515293
d9374184c685550085112ae190d8f9c0,BA,auto,1999.99,36.87,47.0,14.0,1.0,0.8731259442937999
7ab2b693aebb8e032fc16f9c75051fdc,CE,baby,69.99,17.77,49.0,19.0,2.0,0.8725230064499717
3a37c2a63fa3597713318ab40e3495de,RJ,stationery,57.4,15.28,62.0,23.0,2.0,0.8719875715419146
ca4d9163f73c29c767a726571e8baf23,RJ,consoles_games,99.9,18.27,50.0,18.0,1.0,0.8718254650423853
0e903df9d14796df715e2f6cc52e2c1d,RJ,industry_commerce_and_business,138.0,34.51,42.0,22.0,1.0,0.8716543660063836
983ee8a15c6bc4fab3c4f5503259ed37,RS,auto,75.5,15.28,55.0,21.0,1.0,0.8708646854433522
6c6f13dc40d95be45c76aad771245a15,RJ,furniture_decor,149.94,49.79,56.0,22.0,1.0,0.8707034979531688
4f533b4e7c45ae5248904a961cf710e6,RJ,sports_leisure,45.0,33.71,48.0,20.0,1.0,0.8706661715080758
52c13ebf98c19fe6dc69e69ac09663a1,RJ,computers_accessories,72.9,16.95,56.0,25.0,1.0,0.8706467901181132
70828ad0ee27db08d57b1437374b15e3,RS,sports_leisure,49.99,16.11,52.0,23.0,1.0,0.870394521681496
2081888273614ad809543f519e949fc5,PA,health_beauty,47.65,19.04,54.0,22.0,1.0,0.8703683343343783
ddb831adbe504c02601f03328420af4d,BA,electronics,169.9,22.9,56.0,25.0,1.0,0.8703444678816188
4a4ded48a84c0cee9a190dd22ce96866,RJ,bed_bath_table,69.9,16.25,58.0,26.0,1.0,0.8696204632862174
7ea04d381a2ba7d7f14be55b878830a5,SP,musical_instruments,1997.0,63.2,45.0,22.0,1.0,0.86932554812965
061304e42542425c8ff0be14d03126e4,SP,auto,1999.99,29.63,29.0,9.0,1.0,0.8692037801543849
d4148052141383039b68bbb6bd525f3b,PA,watches_gifts,1200.0,45.09,62.0,26.0,1.0,0.8688425351806993
4c1820d7f03f21dc27c9fc40eba8e860,RJ,watches_gifts,199.9,15.15,49.0,25.0,1.0,0.8687922249558205
dbd10344065568345dadbd904bb51dc1,RJ,bed_bath_table,138.0,18.55,53.0,21.0,1.0,0.8684100303751748
9e3a542f51363bda001167b7f5bd8dbd,CE,garden_tools,53.9,39.47,51.0,23.0,1.0,0.8683174347103824
d79c75050fb130c942055bff27c1be5a,PE,garden_tools,53.9,42.44,50.0,22.0,2.0,0.8680739988562018
b417d51297514f6e670d1ffb3513ef53,PB,housewares,59.0,34.21,50.0,19.0,1.0,0.8679712360433779
e5c7a5b71152d600527c22d71745e3b4,RJ,cool_stuff,25.0,17.92,50.0,18.0,2.0,0.8674117687572209
8e62a916598b1e9653b5c5b8ade92fed,RJ,bed_bath_table,249.0,22.23,52.0,21.0,5.0,0.8671974866855476
50b3cc3a81862626b3a95451c8928e19,DF,baby,73.99,16.71,47.0,19.0,1.0,0.8669312967259802
8af8d03ef1d18e7e6c062eb26d9cb36e,ES,stationery,79.0,17.8,46.0,21.0,2.0,0.8668905055996452
8734071c7bfc4d453e59546b22c5ce0e,MA,perfumery,53.99,21.18,52.0,18.0,1.0,0.866725901295402
8bcb04c1ca645d109ed37389fda5dbb0,SP,computers,1300.0,38.51,33.0,14.0,1.0,0.8666572870090332
7c59d327d267a2ce386f84038c0035c5,RJ,garden_tools,249.9,19.39,49.0,24.0,1.0,0.8663602822946507
b96f5299909903eedc435d396f90f726,RJ,watches_gifts,1299.0,24.3,60.0,21.0,1.0,0.8662002607495618
fb46ec58122be3837cc47f9d175de2bf,RS,auto,57.6,17.65,55.0,27.0,1.0,0.866044364403957
46fa06f347967f46cbaba58808c81eca,RJ,toys,64.9,16.89,55.0,22.0,1.0,0.8653135316006784
fa794cef99ed64f42ebb766a8af51c64,SP,telephony,989.0,13.79,33.0,11.0,1.0,0.8651747413939347
1d4fff6b3a70a427fcd88a848c3b6050,RS,bed_bath_table,134.9,18.19,54.0,24.0,1.0,0.865157297811944
072500f428180f8c177181dd1e027d5b,RJ,baby,70.0,17.77,49.0,23.0,1.0,0.8651395848535548
67ca959c49356f3b0b6ec2b340cabccf,PI,computers_accessories,39.9,34.15,54.0,24.0,1.0,0.865091017755175
c06c0d95b042ae403f799cf2027cd54f,SP,perfumery,175.01,13.57,26.0,6.0,1.0,0.8646435449251303
f8fe2e394d3641489e6a2ca1cc40651e,RJ,garden_tools,53.9,22.96,61.0,27.0,1.0,0.8646186040360769
38dcb5499d8854b4b2c6dbaaf983f21e,PA,watches_gifts,1500.0,37.04,48.0,13.0,1.0,0.8645752171338502
80b0f4fc350532f6e0ce9aa81ccde91c,SP,watches_gifts,204.0,14.45,35.0,17.0,1.0,0.8645051074968503
d916aef37da586876fc49a24ecc609e8,SP,health_beauty,119.99,29.87,51.0,27.0,1.0,0.8642705929245056
0eb4df6bfdca047c300acf9d25b04391,PA,fashion_bags_accessories,69.99,17.77,59.0,29.0,1.0,0.8641058200505348
ac8f533b96ef19b111869e752c59a61c,SP,watches_gifts,204.0,14.45,40.0,22.0,1.0,0.8640650646156226
66684ab29bf699746bbe69ca21dcedf5,SC,sports_leisure,29.9,17.6,50.0,17.0,1.0,0.8639685646129376
1dc2fa22dbb160db9eb90923718fd0c5,RJ,computers_accessories,142.8,33.88,42.0,19.0,1.0,0.8639433272093214
2dc3a1303e348a49718ef4a190d14eb8,RN,toys,42.0,47.79,47.0,20.0,2.0,0.8638519799357229
89739437b72ddcc97ca62d9ce338d0fd,RS,industry_commerce_and_business,104.0,23.05,51.0,23.0,1.0,0.8638048959274617
7141a7eee8944cb711fa1fd4f76300bc,SP,housewares,224.1,19.46,55.0,18.0,1.0,0.8636994562806019
775bebf68a82c7b530c362d8fccb5ccd,SP,bed_bath_table,220.0,18.25,41.0,21.0,1.0,0.8632403607537176
d6ffe2b49a34a724f0b9bd6bb80529d2,PE,watches_gifts,35.0,19.16,51.0,22.0,2.0,0.8630571150921051
6b99ff92735c747557e84a5f5cd7a560,SC,bed_bath_table,249.0,22.23,46.0,24.0,1.0,0.8629456264905968
9d578363f05f0a4f13c35ca532f88192,RN,cool_stuff,229.99,31.02,52.0,24.0,1.0,0.8629026266430608
8994132130033d9e2bdc70f74f3d4819,CE,office_furniture,229.99,18.89,47.0,18.0,1.0,0.8628833101459771
6dac2e713f40b14ce9f85b719fb91a2a,BA,auto,50.9,27.74,46.0,20.0,1.0,0.8628508146682263
8fb8d0916495ed884bf2dc5db9c771ce,RJ,computers_accessories,74.9,16.96,45.0,20.0,5.0,0.8626689220042867
003d804eef0e1b856881cd18e0cc0d4c,MA,watches_gifts,277.0,35.74,54.0,23.0,4.0,0.8626572994405303
b84b9f8e6380570cdabdb0af246d6b9c,GO,watches_gifts,229.9,19.04,51.0,24.0,1.0,0.8625410401914099
95f5825a4d547b92c4f1824df000084c,SP,sports_leisure,1019.0,20.74,26.0,9.0,1.0,0.8625261390070879
cd472c4843f0157551fb2c99b21d3786,RJ,bed_bath_table,115.0,15.57,52.0,18.0,1.0,0.8623864569319464
cb0bac4d77dd88efafddb7a974286b27,RJ,pet_shop,209.9,31.31,50.0,24.0,1.0,0.8623478123107745
ffd4172b5df0c16bbd973c196b09bcd9,MA,sports_leisure,115.0,38.36,50.0,22.0,1.0,0.862328759348889
727f1697a6e0fd3018c8ad97fb33be71,CE,auto,27.99,17.63,44.0,21.0,1.0,0.8623176295423731
43f312594026fc6c67ccf619afe600d1,SC,watches_gifts,224.9,16.32,48.0,20.0,1.0,0.8620597167230516
9c3d371454ceddff5d8fa8aa86ac7c1e,SP,stationery,699.0,15.5,28.0,9.0,1.0,0.8619662796817783
7284ecc4524ff324863b12456e842055,SP,health_beauty,326.16,21.16,37.0,19.0,1.0,0.8619377990815973
e0100dc88768c6ca8b1b419fde8a50fb,SP,watches_gifts,689.0,17.84,30.0,10.0,1.0,0.8617949495644368
c70e94e95cae9b1a4ad2510d55a521e3,RJ,health_beauty,59.7,18.3,60.0,28.0,1.0,0.8616151346347092
4b6aa78846ad555241cc92ee58c815c6,RJ,bed_bath_table,84.0,17.84,50.0,26.0,1.0,0.8615956155714258
280fcdddcf237df99402868a09cf8f0b,MG,perfumery,79.9,16.32,51.0,24.0,4.0,0.8615391664151876
23aee6ac2f5a0a3056aa62c615974c0c,AL,agro_industry_and_commerce,1476.3,42.25,44.0,10.0,1.0,0.8614764683354224
8a88cd510147b16da3ff773025a39430,MA,food_drink,65.0,38.0,55.0,27.0,1.0,0.8614160348012808
019d444bd00f1ccb4643de466f9a1525,CE,industry_commerce_and_business,138.0,29.23,45.0,23.0,1.0,0.8613368877603836
f52ca6450bdbd97aace8dc2d9d711000,RJ,watches_gifts,224.0,19.45,47.0,21.0,1.0,0.8612819079900129
980bc014d29830d87b56bbc7720a6b6b,RJ,bed_bath_table,110.0,23.35,39.0,20.0,3.0,0.8612790997177593
0084e195fbd72ae51599af47f04afede,RS,computers_accessories,89.9,23.13,50.0,24.0,1.0,0.8611147706471558
7b53b1cf65f789e7dd9e71e8129c31a5,SP,watches_gifts,169.0,12.68,31.0,7.0,1.0,0.8610724546371124
ae11d192084ba3db24965f271590124d,RJ,electronics,249.0,16.49,41.0,24.0,2.0,0.8608856686692663
a46b002ede0857b1e4814c0d12fe17ef,SP,baby,159.99,32.15,39.0,19.0,1.0,0.8607622891895579
b4cc5642e907efdd3c80a2343604b6d5,RJ,home_construction,170.0,34.32,44.0,22.0,1.0,0.8607614467094267
c711d7f26c4563f427379e7ed3bfdc51,RJ,furniture_decor,89.9,23.21,55.0,23.0,1.0,0.8607186865207188
d4cc34ee536a5c492013d384f6348ec4,RN,fashion_bags_accessories,149.99,23.37,54.0,26.0,1.0,0.8606688274758273
e74f16cd18d4e5b3dfbcc81e880430d9,SP,computers_accessories,137.9,38.81,54.0,30.0,1.0,0.860627626926586
76279ee78a4924f44a3a83ef23b169b8,RJ,office_furniture,169.99,37.59,54.0,19.0,1.0,0.8604972512522663
4180b8cf37c71c6a654dcf1623a5ca54,RJ,computers_accessories,149.99,40.38,45.0,17.0,1.0,0.8604813777651901
21446a89bd1b60e7daab9013a9b1f6de,PE,telephony,29.99,25.63,50.0,21.0,1.0,0.8604126503539751
c07b8f5324dbc378865ca2d1c9883236,SP,sports_leisure,209.9,18.38,31.0,14.0,1.0,0.860380423787784
6e1af4e0d4cf82af38671a14b609634c,RS,furniture_decor,69.9,19.98,48.0,20.0,2.0,0.8602510739974256
498461a2f4ef628aa153ee9d3c57eab2,SE,auto,147.9,34.7,50.0,20.0,3.0,0.8600999544454005
0a87a60c5403e51a0e85e4ed7c3c2bdf,RJ,cool_stuff,239.99,21.17,41.0,20.0,2.0,0.8600191997624964
b5946695c1837e21323da65699b4e187,PA,health_beauty,44.89,20.4,53.0,17.0,1.0,0.8599891208345458
692e004e31546b86abbd93c0661bfb67,BA,perfumery,198.0,17.83,44.0,17.0,2.0,0.859934104287938
89cbe85970695c78a58dd5f1d0e0fd35,RJ,computers_accessories,149.99,40.38,48.0,16.0,1.0,0.8598778892422928
acc3d4031cbd2f28ac6b5b71427a054c,RJ,health_beauty,109.9,20.85,51.0,23.0,5.0,0.859875482792909
e02abba86c2340a09ce002e3dcff5229,RS,watches_gifts,178.99,19.13,50.0,18.0,2.0,0.8597509599228802
0f7a031ff7235289c8ce7270cac7c4ec,RJ,market_place,79.9,21.05,49.0,26.0,1.0,0.8597444226681643
78f74e94c8a2cebb5d569f483d54e8be,RJ,garden_tools,49.0,17.67,45.0,20.0,1.0,0.859642647115824
a33b289433334b5de7fc4a053c290af8,RJ,sports_leisure,104.0,31.48,46.0,20.0,1.0,0.8595448024414443
9d57c2295efd51a11106d2d8175c676a,GO,home_comfort_2,25.8,30.2,44.0,20.0,1.0,0.8594494162929266
f92d5a62c7841e7f1a73ce4a68912c4b,PR,watches_gifts,699.0,22.99,27.0,10.0,5.0,0.8594299646123622
9fcd31b22b1d10dea904f5f5d8e3e7ea,PE,auto,28.0,19.04,44.0,21.0,1.0,0.8594253423176603
6dedf40fe422e8f0ae38641d2ed11f22,RJ,watches_gifts,599.0,17.94,45.0,28.0,1.0,0.8593596121411029
9a1e4b3e892b5ea975db9c5ab5b97b62,SP,auto,152.0,20.4,39.0,21.0,2.0,0.8593102048121114
dcddaf0d2359e8b282ad24f1d84857bc,PE,cool_stuff,59.9,24.55,52.0,20.0,1.0,0.8592797662858214
94eadd6bc72a7dde85095b20f33e06e9,RS,sports_leisure,98.0,33.84,45.0,21.0,1.0,0.8592232149503468
1161d4dd2b98a1d29aee9a19b48d7cd8,MT,cool_stuff,144.99,20.25,55.0,23.0,1.0,0.8591993428223212
fc3830b4f000e216dc581df9a0e873e2,MS,perfumery,56.99,15.15,58.0,28.0,1.0,0.8590599627686515
c589bcc1414f7d7d949f353b1d1a45d9,RS,sports_leisure,190.0,16.08,56.0,22.0,5.0,0.8590365288017768
e980f0348ae8c85c6eb7e23e9ee42b27,MG,computers_accessories,180.0,16.01,45.0,17.0,1.0,0.8589840337838519
b9ab6047d37ddd3df234b9e3da860b39,SP,health_beauty,229.9,18.86,37.0,17.0,1.0,0.8589484269423405
90d36c9ade58b86290e2b48ca7348cc2,MG,home_construction,660.45,25.11,30.0,9.0,1.0,0.8589391403586688
f6ed6898419c893a57cd88e7dbbdb2c7,RJ,sports_leisure,144.0,18.26,41.0,20.0,1.0,0.8589273568866043
e27c7d40e51c72cdb3841c34f9f1f301,MS,toys,69.9,19.46,47.0,23.0,1.0,0.8588871043798371
3224f9000ebffb83e1c48590824ba567,RJ,furniture_decor,279.9,21.45,46.0,27.0,1.0,0.8588595996457172
3affb32917f79ab66f26546e066fe5db,RJ,perfumery,250.9,16.51,50.0,20.0,1.0,0.8588112146270065
4065c0062f606b943e2fef1d5454ce80,MG,construction_tools_construction,799.0,25.08,26.0,9.0,1.0,0.8585335230638161
f92ebc52a42344683b930dfb16d2f317,SP,bed_bath_table,159.8,35.62,53.0,29.0,1.0,0.8584391624409011
302ba220a9388d22b3f036a1b9919b3f,RJ,toys,159.9,21.61,49.0,21.0,1.0,0.858260893353991
8ac5066a163c60c1ae9bf17200df3dd1,RS,computers_accessories,149.8,30.54,51.0,17.0,1.0,0.8581603495634675
07528311766b5aa54d193747c66663df,RJ,audio,175.0,15.98,47.0,24.0,1.0,0.8581035528085617
2cb6f509b0ff4794888a4f664f857dca,RJ,computers_accessories,249.0,18.99,47.0,21.0,1.0,0.8580900853304408
c53b2f33c8e307e7253650b9dc6cadd1,CE,furniture_decor,289.0,18.27,50.0,20.0,1.0,0.8580047230612058
373e0e17a31683eb830eab2ade3df6dc,MS,construction_tools_construction,58.0,27.79,50.0,22.0,1.0,0.8576546684117587
993bf2a40855c39703b0ac1339be7fbf,RJ,christmas_supplies,79.9,26.88,50.0,22.0,1.0,0.8574487047551521
f495929260b8f76b254652d9729e8c19,SC,housewares,139.9,21.47,47.0,18.0,2.0,0.8573543687066104
79ec99878595baada166992ed3b31ff9,PE,sports_leisure,158.9,25.56,54.0,27.0,3.0,0.8572996098614434
49d82571c200aac8b226cae094dc8f0c,BA,cool_stuff,209.99,28.76,43.0,21.0,1.0,0.857101919652307
723941d77928846a4b2ec4612303bd25,PI,electronics,149.0,25.39,46.0,17.0,1.0,0.857040250330852
63fc384c8e172e856d4cde83ce2a5234,MG,bed_bath_table,159.9,28.5,49.0,22.0,1.0,0.8569361731214334
5981f36992c8a99eff941a3d3375b318,ES,health_beauty,61.99,22.93,45.0,20.0,1.0,0.8569106945606764
d52140bee663636aa4f6057e50bc06a3,BA,health_beauty,119.9,27.38,45.0,20.0,1.0,0.8568629517930304
ef519547cb72d3ac42ff707948fdb963,RJ,bed_bath_table,299.0,19.97,47.0,16.0,1.0,0.856809928135535
1927dede91841ae67045915ce6fd11f1,RJ,computers_accessories,142.8,33.88,41.0,19.0,1.0,0.8568026318228155
a50456c8fe575e192697e5f87d77a52a,RJ,bed_bath_table,107.99,21.25,51.0,27.0,1.0,0.8567994942353666
2d58df29239f4ee3887103ef2576e857,RJ,pet_shop,71.6,15.26,46.0,23.0,1.0,0.8567270649311602
40b1be99be1654dadd7e49f038296ced,MT,stationery,169.9,18.76,48.0,20.0,1.0,0.8566976248682661
f12388e0e8c7694fc38c8de19261054c,RJ,housewares,138.0,25.81,52.0,26.0,1.0,0.8565469278421924
1b972feb2ea1e13fc92a33e665b399c8,RJ,health_beauty,59.7,15.17,52.0,25.0,1.0,0.8564710575432324
4e74c91d859c944fa7c652b9f05f7fce,RJ,sports_leisure,199.9,20.89,44.0,20.0,1.0,0.8564199933310498
16ed456866d66d9108a13a17374364c4,RJ,telephony,145.0,21.5,46.0,21.0,5.0,0.8563449443116555
1b0816f005179796807a9b23f4c2df11,PR,health_beauty,199.65,16.15,50.0,28.0,1.0,0.8561793833624683
5e0de5e6b42042ea6e00e3d07d4aef84,MA,garden_tools,49.0,37.97,46.0,21.0,1.0,0.8560499743713761
fdc16f82eae13ca294b737e810effbfc,ES,baby,50.0,17.6,56.0,24.0,1.0,0.855964971777474
7d70cb0ac6f54fed6851b5179404450f,RJ,furniture_bedroom,203.0,49.95,41.0,22.0,1.0,0.855921695316313
cccb57e7a01fe8d245ce2027974b455e,RJ,computers_accessories,949.9,29.52,36.0,15.0,1.0,0.8558986572179954
6b6291ce14ed6c6cd2df883635e6c704,RJ,kitchen_dining_laundry_garden_furniture,119.0,40.9,46.0,23.0,1.0,0.8558508973491801
c3483e54e973d333c6365c217f4422b9,CE,health_beauty,84.99,19.13,45.0,21.0,1.0,0.8557332725439484
f407e662a10a7864e42c33fdc559ff0a,RJ,construction_tools_construction,199.9,17.84,58.0,29.0,1.0,0.8557288010807428
df125b2cdede89b0ff68ccfb07682470,SP,construction_tools_construction,58.0,25.25,54.0,27.0,2.0,0.8556597093888685
1cbd4699bdc656606f114d4710bf87bd,CE,watches_gifts,284.8,27.27,48.0,19.0,1.0,0.8556317189097629
284a65b124f634fdf426aa8e768fe8ab,BA,toys,169.9,20.43,50.0,17.0,1.0,0.8556267321758977
9d76974325109da947615c96eac22698,PE,garden_tools,88.9,21.02,46.0,18.0,1.0,0.855518314279545
1c596aea2c7f298b4ccafe3b88d7dfeb,RJ,bed_bath_table,75.27,21.02,45.0,24.0,1.0,0.8554885477679564
1d496c62bf852e069018c2b038064949,SP,bed_bath_table,240.0,28.0,48.0,25.0,1.0,0.8552504200336027
c130ce426e4cd480fb71381c3535a0af,SP,watches_gifts,165.0,13.59,27.0,8.0,1.0,0.8551573559437771
c3911802445a557d4e9a4c2f2328de0c,PA,telephony,24.99,25.63,52.0,18.0,1.0,0.8549784740349875
c1a9b3fbea92e83c4a08229da82a0136,MG,telephony,679.0,22.85,36.0,16.0,5.0,0.8548839506003081
bc0e690ee61ed479d110f301bd4e6b5a,RJ,sports_leisure,159.0,20.6,51.0,24.0,1.0,0.8548148898851213
b0a46fa6d7a8afcac44b6e1af2457409,PA,computers_accessories,55.9,22.45,51.0,17.0,1.0,0.8548031667715664
beeff7037aa708c19973290382629a4c,SP,sports_leisure,209.99,12.86,43.0,19.0,2.0,0.8547599913994819
32cd8c1de0b106ac12c8bac666e9e1fc,CE,health_beauty,69.99,19.03,44.0,20.0,1.0,0.8547581141033678
c87cc78ca07ba880ee80a9a881583a0d,ES,watches_gifts,194.9,16.24,39.0,18.0,1.0,0.8546868071797575
48cf133bab6e70fec7896820b325dc9b,BA,baby,130.98,32.92,44.0,20.0,2.0,0.8546679120771014
69741f6be661e32356395ea391cdca5d,ES,health_beauty,61.99,22.93,45.0,21.0,1.0,0.8546331157158404
8f4235528e51aeb039cdf73bc049c7e1,RJ,watches_gifts,224.9,16.32,47.0,25.0,1.0,0.854619643602678
5c3ed80bbf87273549529ebc6a45650d,RS,bed_bath_table,86.9,24.82,47.0,22.0,1.0,0.8545917560192097
ac3a8f865ec67b649d66ed5149a41593,RJ,cool_stuff,231.7,17.38,56.0,31.0,1.0,0.8545331981001996
980c0688b61b100db985aae4b5cfa28f,SC,health_beauty,29.98,30.2,46.0,20.0,1.0,0.8545212257508501
3817aebb6b2eab8cb6e13f3d2f163216,RJ,furniture_decor,186.96,34.68,52.0,15.0,1.0,0.8545015148804163
da406f1574c350c0e265dfa4afa6044b,RJ,sports_leisure,199.9,24.78,45.0,21.0,1.0,0.8543457782653299
a7d0ba9060629de852f3b9f520d8bd7e,SP,auto,229.04,22.61,35.0,17.0,3.0,0.8542306642592544
abb4cbba2c83f7cabc85e45374a23ad4,GO,bed_bath_table,79.9,17.81,46.0,20.0,1.0,0.8539792634814034
c005c973843746a08a6ea826af4ce0c0,PE,furniture_decor,64.9,19.36,46.0,23.0,1.0,0.8538646371232141
9edafa4c6dbc4a9dd05637c84bf96605,RN,furniture_mattress_and_upholstery,249.0,39.29,49.0,12.0,1.0,0.8538184527167859
ea60e9579f440bbca132b795ff54807f,ES,toys,49.9,19.32,46.0,22.0,1.0,0.8537984573984586
dc03cba6a1d6cf5c28d1fde5dab9a0bd,RJ,auto,1999.99,34.49,31.0,9.0,1.0,0.8537955124450901
c7c6ca7db4f3b52d2fd70aeeb13d8e69,PB,sports_leisure,159.99,58.73,63.0,27.0,2.0,0.8537653280605723
414fe5cf5ccc8afed3c265aede6cc37d,RJ,telephony,48.99,17.0,56.0,22.0,1.0,0.8537550428680192
ab6442c868ae3695e675d3c39aa616a2,PE,fashion_shoes,157.9,29.51,53.0,21.0,2.0,0.8537153212597925
a22e1b3b7821386e3fbcd6d3c5c6c3c1,SP,toys,299.99,22.59,52.0,33.0,1.0,0.8536696138624761
097c2a2e5ea719c510238bad5d902cef,MG,sports_leisure,117.0,15.57,52.0,24.0,1.0,0.8536643207200886
766a7aafdf6f237885465c7487a30eb7,SP,bed_bath_table,119.9,21.33,46.0,21.0,2.0,0.8536265551294274
0db053a048333680c09114ac4f231a79,RJ,construction_tools_construction,99.9,17.14,51.0,26.0,1.0,0.8535472186367581
70e1e65e23050b71f1357ebf72506b73,RJ,small_appliances,179.99,21.75,51.0,26.0,1.0,0.8534909454931567
570a2d92be76532681e5a09ac38c8e78,RJ,watches_gifts,149.0,14.79,26.0,6.0,1.0,0.8534605711652429
36a924d21368a46d4ed120b8adb1dc3d,RS,auto,649.49,23.74,57.0,27.0,1.0,0.8533939157479201
0ef67bb260101172d979ae466918b301,MA,auto,20.0,29.55,57.0,19.0,1.0,0.8532637372106967
35bc36d5460374d96175822d91d79cd1,MG,auto,229.04,39.44,44.0,22.0,2.0,0.853214110704186
5e70bcf826ffb41fbf68e94ba929635e,SP,perfumery,356.49,14.0,47.0,21.0,1.0,0.8531960789354228
bdc6d13db4338777a27724c65a0248c6,RJ,electronics,135.9,32.28,52.0,28.0,1.0,0.8531580780114265
8c81d5854b1977c139c82372fade2084,MG,bed_bath_table,87.85,17.86,45.0,16.0,1.0,0.8531539108926035
f530e66c74816309f2bf8eb5a619b3ab,PE,health_beauty,169.9,29.59,51.0,17.0,1.0,0.8530647195285045
b86c4834a1f80bb5f808842b4624a2cc,RJ,sports_leisure,113.0,21.28,49.0,22.0,1.0,0.853034318096592
ab7903b95175ea31f7bd33718a583e88,RJ,housewares,199.9,19.28,43.0,23.0,1.0,0.8529118843134527
262ba6c85fd3c9c589bac6fa7d113cca,SP,perfumery,119.9,15.59,39.0,20.0,1.0,0.8527801470928195
89ab5609dfc901cc9824e0a62cbefe59,RJ,cool_stuff,229.99,18.86,56.0,34.0,1.0,0.8527633196067802
66bd5293331e02863f2054bf659ed2be,RJ,market_place,79.9,21.64,39.0,21.0,1.0,0.8527333819664866
104db3ac25a8c92d8b4a1bab46c92c66,CE,health_beauty,214.49,26.78,46.0,10.0,1.0,0.8527180296428643
08904f6557108c451821501ca9e6aa4a,MG,bed_bath_table,79.9,19.8,59.0,29.0,1.0,0.852679526877203
854d9f86041d38857c38795f8c133494,CE,consoles_games,689.89,31.09,46.0,14.0,1.0,0.8526543059752649
49339749b24288f34c827ba8f470a1e2,RJ,perfumery,47.9,15.1,45.0,20.0,2.0,0.8526354383226844
5cb6969f0b3cd394de49463c4f4e4017,RJ,agro_industry_and_commerce,940.5,22.02,46.0,19.0,1.0,0.8525774085589518
e10b36804f91a77995a7a1f3b5454f24,RJ,auto,160.55,25.87,52.0,21.0,1.0,0.85234122293635
f999e26054da652c7caa0da95228c9b8,PR,housewares,169.97,16.07,43.0,18.0,1.0,0.8522501650026795
9917855d5e68773f7db62f2dbfc06f71,MA,consoles_games,19.9,34.15,46.0,19.0,1.0,0.8522494787833109
67b5c82e01dc9ea4d82fbd3d51e41bae,SP,office_furniture,192.99,34.62,65.0,26.0,1.0,0.85223050086231
f2e62e5ce667ba626a17ef195d775796,RJ,telephony,19.9,18.23,47.0,23.0,1.0,0.852214001688006
2dee1b58f6f3c724427ad545adf6d5e4,RJ,sports_leisure,109.99,18.35,41.0,20.0,1.0,0.8522120813593596
4b43461ed06d891d8c85531845c7f2ee,SP,bed_bath_table,186.0,15.81,30.0,13.0,1.0,0.852109864558072
185bb8598892fb8715f771ea136623d1,RJ,toys,199.9,16.15,57.0,29.0,1.0,0.8520645689005739
cac853d40d32850dba1ccff2c9f17269,MG,fixed_telephony,290.0,17.79,43.0,20.0,1.0,0.8520489749013649
b22fb8549ff34d8632d2f6ecbc626af5,RJ,health_beauty,52.99,17.62,45.0,18.0,1.0,0.8520419840386142
0032d07457ae9c806c79368d7d9ce96b,RJ,housewares,159.0,27.19,50.0,12.0,1.0,0.852022872445273
a05efb55dba0d8c05abd335fa7ea3e8d,ES,housewares,139.9,20.47,45.0,22.0,4.0,0.8519939076904759
6e6bacc052a79d14a6e7d015188bef50,DF,baby,499.99,22.99,47.0,25.0,1.0,0.8519934156404027
77bf14a61d9efbddff1e34f655e5ded6,RJ,sports_leisure,68.0,18.36,44.0,22.0,1.0,0.8519899681237119
3b0e5a99d50a2371dc4f0dfbaf0a2a76,MS,sports_leisure,230.0,26.45,53.0,29.0,1.0,0.8518227145829498
afa2c425be2efd14c19b4a0aa62f9b59,SP,health_beauty,229.9,18.86,33.0,15.0,1.0,0.8518129223478506
6d47b47d25de405d24f3f4c9378e09e1,RJ,cool_stuff,139.99,18.23,48.0,23.0,1.0,0.8517840593028305
0e5d9583490deb1e011b1c8e7da13398,SP,baby,299.99,28.18,48.0,28.0,1.0,0.8516893683807634
055e121a8cefa5494be46fea4bd4f3ab,RJ,furniture_living_room,34.9,25.19,50.0,25.0,3.0,0.851673138751979
0f8b415ff8750cef8f40058606c6b115,ES,,159.77,20.09,38.0,21.0,1.0,0.8516660582650522
359619f12869deeaa50fa7762f5064bc,SC,cool_stuff,231.7,17.38,44.0,17.0,3.0,0.851623885372382
cbc956fc2a27bbc8dc18bd3a27ce7127,RJ,cool_stuff,144.99,18.59,50.0,31.0,1.0,0.8516180077640325
d93a680cc497c0df20ea2023a89dc68e,SP,bed_bath_table,84.44,17.84,52.0,21.0,1.0,0.8516043966734351
05a8c94a9361d5496501f6577cf82841,RJ,computers_accessories,149.0,17.59,48.0,14.0,2.0,0.851551885487212
28509a1c959e460948d32485cac51f9d,BA,toys,799.9,23.17,50.0,13.0,1.0,0.8515497115449282
f1be668faf7b301d7b9269d0dcacda99,MG,health_beauty,299.9,24.68,43.0,22.0,3.0,0.851429845469819
d1e0427b410886678a52f73caa44e264,RJ,computers_accessories,89.9,17.07,48.0,24.0,1.0,0.8514026839014527
bfa7f4169cb6c6e8221434275a2a0ab7,RS,pet_shop,74.9,16.22,54.0,18.0,2.0,0.8513880903213259
c1bcd85491d0472bf5d90c9890197a75,SP,bed_bath_table,157.0,14.49,34.0,17.0,1.0,0.8513044539263405
acd028b8d85a8ac15f7621e610da31e5,RJ,computers_accessories,82.8,17.02,48.0,22.0,1.0,0.8513006887179074
6d0940a8f5fba47562bb14cd97dfd6da,RS,home_appliances_2,2350.0,105.12,33.0,15.0,1.0,0.8512627498063898
c262d9407971d247fc7683fc716ab9ab,RJ,bed_bath_table,120.0,23.71,50.0,27.0,1.0,0.8511667959607682
0a8b6e2cf83e2543f6b756e3a6d16eb5,AL,sports_leisure,29.9,50.85,48.0,20.0,2.0,0.8511552407040017
79b0101fa56acf957666dd3d2fe39a61,SP,bed_bath_table,143.54,14.02,28.0,6.0,1.0,0.8511464660648016
9d32c5c773eba34ff2453be229a53ca9,RJ,bed_bath_table,179.0,22.09,56.0,34.0,2.0,0.851113296603063
65c96731ae030b052acda14e142e2a3f,RJ,sports_leisure,135.0,18.2,44.0,21.0,1.0,0.8511081893523894
fe1466a3d7546b7ae29bcd953b472339,CE,music,149.9,19.74,44.0,22.0,1.0,0.8510389683139865
c8e35783a2527cdf286c54e2ae9727db,ES,bed_bath_table,109.9,18.02,41.0,20.0,2.0,0.8510088787517931
be8b6bb87fabe5bece6e7a3ecc1f1f8d,RS,small_appliances,1399.0,32.33,31.0,6.0,1.0,0.850991556858195
b64f09a4cf903c5767f9f537158c24ee,PR,sports_leisure,89.99,15.38,51.0,24.0,1.0,0.850952761776371
a7d5e53a5efe34103e6b5b67c497c2fa,SP,computers_accessories,149.9,23.37,49.0,26.0,1.0,0.850877740040217
cb794d74f80c0dff5257f123400a063c,RJ,bed_bath_table,79.9,16.32,59.0,31.0,1.0,0.8507838014909582
e39bbac2f576136835e2f21b52aeb8eb,ES,,159.77,16.88,37.0,20.0,1.0,0.8507720252639578
e4f0fb907ebf79c450a8646d85c36d62,RJ,baby,94.95,16.42,46.0,21.0,1.0,0.8506764534329021
2ac1684c63240e84f365eb4527972278,RJ,furniture_decor,179.0,28.61,44.0,17.0,1.0,0.8505296051534519
e6e2049ec5847e14fd9898496125c8b9,SP,bed_bath_table,124.24,31.9,41.0,21.0,1.0,0.850474908599363
df61cd26aece2f40eb66883de3a81e1f,RJ,toys,259.9,17.26,45.0,13.0,1.0,0.8504260855188907
c7be34133b7857a83dec6494df176713,CE,perfumery,229.9,26.1,50.0,13.0,1.0,0.8504085761248007
4ef09dfdc36677a4d599a0c1acace4ff,ES,sports_leisure,148.0,18.29,46.0,19.0,1.0,0.8503651886623356
a75aad2fd41164a516a1257b45670f4d,RJ,bed_bath_table,74.9,16.28,52.0,31.0,1.0,0.8502600486917411
e1b0640460ef6ca7edd7c0039805e515,RJ,home_confort,269.0,24.42,34.0,18.0,1.0,0.8501948590447224
f221e96b7de74d489ab306e560fb83a1,RJ,auto,559.99,46.12,50.0,26.0,1.0,0.850132771692239
2ccfb56c4a7060de9778668844658588,MG,watches_gifts,258.9,19.69,39.0,16.0,1.0,0.8501320473157709
4ecf494be87ee7b768460fcbcd0389c8,RS,baby,219.0,53.54,48.0,16.0,1.0,0.8501023095858159
aefe90553e50779cfa353170674e9d0f,GO,stationery,100.79,17.96,61.0,33.0,1.0,0.8500435770345577
86e45b4f54438145ef4e56aafe0314d6,DF,construction_tools_construction,39.97,22.93,38.0,19.0,1.0,0.8499988055065721
44de8fb2731c1634d7b069bb93dbf5d9,RJ,bed_bath_table,30.0,16.11,45.0,20.0,1.0,0.8498421497082015
95ec4886946c5ae0d453e95648834ac6,RJ,stationery,189.0,18.57,59.0,30.0,1.0,0.8495973550445847
49c9dc330935365ca454ba89a8a20efb,MG,sports_leisure,63.9,17.7,44.0,24.0,1.0,0.8495579381860852
b6b4d4aab61035f87291877a9b0a6e25,GO,bed_bath_table,59.9,15.17,45.0,19.0,1.0,0.8495280387142147
1354de899c7420bbaa9d9484c79c862c,RJ,computers_accessories,179.99,40.59,48.0,12.0,1.0,0.8495267177229786
8dc4c4d71a331ed46a559ad3d77fe682,RJ,furniture_decor,189.9,29.73,40.0,19.0,1.0,0.8495241656293547
5c1995c020e0a3b2b23152b3fcfcda76,RJ,fashion_bags_accessories,149.99,15.81,37.0,19.0,1.0,0.8494890295505227
7311b63eb976756358a62bb49eac4c30,RJ,garden_tools,49.0,17.67,47.0,22.0,1.0,0.8494798005530336
f8f5a61defba49f13a7e21a369026f04,DF,watches_gifts,209.9,18.72,40.0,17.0,1.0,0.8493400341725114
dcbec508f4fc195063833b2054995d32,RJ,health_beauty,31.0,18.23,46.0,24.0,1.0,0.8493391680340812
8b4fc455b9a8cc1559dca8dd2d392ddd,RJ,toys,259.9,18.26,57.0,31.0,1.0,0.8493270421848482
4c3cc41d9fad33476cbf842592458f36,MA,health_beauty,150.0,34.85,53.0,27.0,2.0,0.8492878442785761
b7bb679ead188147ea4d028b583720f9,SC,home_confort,49.9,16.11,46.0,19.0,1.0,0.8491896393988185
2ba2becdde8cc656098cdc16496a90c6,RJ,stationery,75.0,16.29,51.0,29.0,1.0,0.8491603443883022
4f58570952cc0b543a70a359a1b4a7f4,RJ,baby,130.0,19.15,46.0,18.0,1.0,0.8491601935053815
351cc103e775642319456a5962fd7a9f,RJ,bed_bath_table,119.9,18.09,43.0,20.0,1.0,0.8490767041318558
315b408ea2b172afb8ed00e598158e62,SP,watches_gifts,225.0,14.01,28.0,12.0,1.0,0.8490264561350932
5c092582307d1169e1a475648c90003f,RN,furniture_decor,49.0,25.38,50.0,25.0,1.0,0.8488065516748101
93c7ec2b9638f73ddcaefac525f4d7b6,RJ,bed_bath_table,52.9,17.62,42.0,23.0,1.0,0.8487461614981496
2fcd7fa5d8729fd6dddd51369b36edcd,RJ,watches_gifts,110.0,15.52,50.0,26.0,1.0,0.8487021662641313
68536e12a3cd7f62b4a5946d541ff083,SC,computers_accessories,38.9,15.79,50.0,21.0,1.0,0.8486046910857878
73d8cba28b2c49e0bcde53f23fc6218a,SP,perfumery,179.9,15.01,35.0,16.0,1.0,0.8485393516857187
5fd0b812a7ad786c02970c4223ef1dff,BA,telephony,619.98,28.84,44.0,25.0,1.0,0.8483764483766422
60b206a5b9791b512e2f06a91360039c,RJ,,149.0,14.79,44.0,14.0,1.0,0.8483625198860991
019e03014ec20cc2e3b180cdcf90b4e8,CE,cool_stuff,738.9,25.62,44.0,10.0,1.0,0.8483263267488399
4f1eeea688bd0014cf7f81a1f23bb8c4,RJ,sports_leisure,339.0,27.65,59.0,31.0,1.0,0.8483248409177762
e86fb2abd1932ca34230cb407378e9d8,MG,office_furniture,279.9,43.82,41.0,21.0,1.0,0.8483030114671715
72ec38baa39449f9ab884a84c5c8f4ef,MG,cool_stuff,132.9,17.24,44.0,17.0,1.0,0.8482396439392014
e64e0f28c8abfe6f9a018e383c11c428,MG,computers_accessories,67.99,35.61,44.0,22.0,2.0,0.8482054920044424
20ea67720234d8e46c6dc89f8b1dc16a,RJ,furniture_decor,18.75,17.06,60.0,26.0,1.0,0.8482022709739627
840d7cc10efae8ba460cc8ea84f1b6db,SP,musical_instruments,575.9,30.58,49.0,19.0,1.0,0.8481729118724506
6a13517381ec12deba06f6a117428702,MG,sports_leisure,169.9,21.68,54.0,27.0,1.0,0.8480338530705233
f6cb852e20e90f3e19b230d78b0bb97b,RS,garden_tools,59.0,17.66,49.0,16.0,1.0,0.8479961579217541
f2295bca86e6c4a2a1c211330a5c5779,RJ,watches_gifts,299.9,15.85,47.0,15.0,1.0,0.8479892720143584
732d14176b86ff078b82fa071d56f74c,SP,garden_tools,34.9,18.89,51.0,24.0,3.0,0.8479782526502293
50aee6309ac7a0d4fd5c78ac0d4e5404,GO,computers_accessories,238.0,39.48,55.0,29.0,1.0,0.847950040300727
392ddca7a63143f9ec76350a09e0e138,BA,baby,213.0,21.22,46.0,25.0,1.0,0.8478423690355678
2474b5060c1dfacbb46002aa2563f9bc,RJ,fashion_male_clothing,59.9,16.18,49.0,17.0,1.0,0.8477776959214284
a8b287712f97be514752ebf62271b2a2,RJ,watches_gifts,260.0,16.57,55.0,31.0,1.0,0.8477009799248959
8653f85aa59de4b89435d4b44c8da67c,RJ,cool_stuff,199.0,26.15,44.0,15.0,1.0,0.8476653576416968
a0bba9f8b36a29b7ee6af6df702b309d,SP,health_beauty,370.0,17.8,56.0,27.0,1.0,0.8476423322179022
4605d0821fe434dafe3776fd89aab59b,RJ,furniture_decor,148.0,20.28,48.0,15.0,1.0,0.8476052597868582
9c0776f3465b8aba3e47b9eb0f034360,RS,musical_instruments,48.0,17.6,65.0,29.0,1.0,0.8475296554204711
a41147091da0a907ca54accc4bf5b231,RJ,watches_gifts,699.99,19.66,36.0,15.0,1.0,0.847499730210805
ae85b9887d49eb8e4e35cea1435a52d8,CE,health_beauty,349.9,31.96,58.0,27.0,1.0,0.847489282205615
491208d141876b40c6381fa49e8dff6a,GO,toys,89.9,16.88,44.0,22.0,1.0,0.8473879287634942
33f1e992ba3e439bfd0d432164a3d44a,MG,auto,226.95,21.56,36.0,17.0,1.0,0.8473669017003882
af3fae91bafed6357991c4a3be0125d4,CE,health_beauty,138.0,25.46,50.0,14.0,2.0,0.8472325219119069
5f2aaf089bdf0d14f2357066f139c2a4,PE,health_beauty,122.99,21.13,42.0,21.0,1.0,0.8472033195406727
4a422e8c9f64de121752b33d4571f783,AL,computers_accessories,149.9,14.2,31.0,6.0,1.0,0.8472012095319842
bbfaea06953d72e48fcf89341d352638,MG,fashion_bags_accessories,27.3,15.1,45.0,20.0,3.0,0.847148519632157
ad4098a257676ea4d394fb3bbbf36ca3,RJ,small_appliances,48.9,19.59,51.0,27.0,1.0,0.8470829977568328
6be743a80035d24c59907106942ee7f5,RJ,sports_leisure,115.0,21.3,47.0,24.0,1.0,0.8470753486864773
4f2499fee2bfca0fbbf9a76a31da4128,RJ,bed_bath_table,19.9,18.23,50.0,16.0,1.0,0.8470520426443493
bc488184689ceaa10ede9045693eb6bc,SE,garden_tools,1670.0,59.98,38.0,11.0,1.0,0.847010240778534
0c1131dcb8c6ec0c895af6aea3e70983,CE,office_furniture,169.99,48.11,51.0,11.0,1.0,0.8470020952561143
1a358c4ef8c7d066e7e526670d486f3e,RJ,computers_accessories,98.9,18.26,42.0,19.0,1.0,0.846879442466008
8dcedca18bb1b1f7a5db3ebb636f372e,SP,health_beauty,240.0,13.18,26.0,9.0,2.0,0.846762908389221
f6dc214828640155295589cf7c2ed4e8,RJ,electronics,19.9,22.06,50.0,22.0,1.0,0.8467250111381895
9b4ce65d237bc82227e4b550d1ddf079,RJ,housewares,33.0,19.32,39.0,20.0,1.0,0.8465243030444805
e7744f6b47fb7de31a60035c997d3956,MT,sports_leisure,249.99,35.55,46.0,10.0,1.0,0.846348024864888
6581c3a6471126317f93733a373b0eaf,RJ,office_furniture,192.99,63.17,52.0,15.0,1.0,0.8463467903128954
9924cc80e5c3a4c3ab96eda60f3ff72c,SE,cool_stuff,209.99,33.27,44.0,10.0,1.0,0.8463304158748308
b9978fd04acfedd507165e3f7ec97b05,SP,bed_bath_table,79.9,17.81,53.0,29.0,1.0,0.8462759291472987
cc7a01248e3779979631ce8dea5c8292,RJ,baby,89.9,17.2,50.0,28.0,1.0,0.8461838345255541
fe4e52536814275494989d5f8427b484,SP,sports_leisure,699.0,19.64,34.0,11.0,1.0,0.8461320265072917
48bc7c3a0885049a0bf2d42d42421de2,BA,furniture_decor,32.99,16.92,45.0,19.0,2.0,0.8461292587379436
6120d49a9bec789c91d34b553c47573a,MG,bed_bath_table,74.9,19.49,40.0,21.0,1.0,0.8460962728267635
f89e956a35c0e20d28eec0b54ed8a86c,PE,telephony,231.54,38.31,44.0,12.0,3.0,0.8460416807632685
ad2a607cb972296b63c687849e21dd34,MT,pet_shop,139.0,23.9,45.0,15.0,2.0,0.8460061764555992
3f3f818c758f0f9ed76a1d49d8d7e6f3,BA,musical_instruments,17.99,20.8,46.0,18.0,1.0,0.8459851197056543
9e1571408c90f2235bf00d6fd15f8d51,CE,auto,169.9,26.47,49.0,14.0,1.0,0.8459766933765156
72aae4d8091260674fd5abd94479abc3,CE,computers_accessories,47.75,17.71,50.0,28.0,1.0,0.8459456443146859
eaf42d23fedb6d8d7747c8ab44b8784e,RJ,sports_leisure,169.0,36.31,43.0,21.0,2.0,0.8459372767983331
484483a07b85d580e8b09289de0bc02c,RJ,,122.99,14.61,50.0,17.0,3.0,0.8459217258324718
f636244e2204ad1803e13b363792d655,RJ,sports_leisure,123.9,15.62,44.0,23.0,1.0,0.8459105268364867
ec149fdcafd89d783f2942078e182e1e,RJ,sports_leisure,120.0,18.72,48.0,27.0,2.0,0.8459076418386251
afc652a59f20b96fbf7c8e5bb1a6c1f1,MS,stationery,62.0,15.18,51.0,27.0,1.0,0.8458340727405789
adddc7adab7516dd578d700024245d43,RJ,sports_leisure,107.9,15.86,54.0,16.0,1.0,0.8458178118203783
b30abf162ff1730f50b6400bdc32550f,RJ,computers_accessories,74.9,16.96,42.0,19.0,1.0,0.8457692948493459
013bc77d3ca5fba084a241fdcb307393,RS,bed_bath_table,21.99,15.1,54.0,21.0,1.0,0.8455552404650384
60a30f7ea15c14582856b8ae771be976,PE,health_beauty,359.0,25.23,55.0,30.0,1.0,0.8455292167688458
97cca737331c9c6009a3e8b555d963b2,SP,toys,229.99,16.37,34.0,16.0,1.0,0.8454769077141986
76575700bd0fef8974ff82601ad505bb,RN,electronics,24.89,22.85,45.0,18.0,1.0,0.8454562702055946
3a3b0394c09dbf1c3f658c1fbe9adc31,SP,garden_tools,79.9,17.81,63.0,31.0,1.0,0.8451901281771278
52993856cd387ab5a4dd553e66dbdc6c,RJ,watches_gifts,348.8,16.19,48.0,22.0,2.0,0.8451491143974368
1e07ba4e9a6dafcecd0c46111e477e5c,RJ,baby,116.91,15.57,60.0,32.0,1.0,0.8451098573436623
76a948cd55bf22799753720d4545dd2d,AL,telephony,26.99,21.15,47.0,16.0,1.0,0.845036068896657
d55cd104a6a05987a3b55d39c0e77995,RJ,watches_gifts,266.0,42.84,47.0,20.0,1.0,0.845032959235188
edc39c747837ab7258f382372e798824,MA,auto,69.9,38.04,56.0,28.0,1.0,0.8449399300830898
e72e5c3d6b68cd8c81559186a0ebc58f,GO,stationery,69.0,17.73,47.0,16.0,1.0,0.8448753059543938
4f0b86c3487e56b6e9594e9dfdb5d70c,ES,computers_accessories,196.0,17.13,45.0,22.0,4.0,0.8447288492487941
61d9fd654edc5f0ab50b65c6bceed004,RJ,pet_shop,169.9,18.77,50.0,13.0,2.0,0.8446197531866293
6c5139dc6f51884e3aef7c8359d820c5,RJ,audio,175.0,15.98,37.0,15.0,1.0,0.8445948655417002
ef8ab3e652b44dfe541199dc0b9f5d09,MS,watches_gifts,199.0,16.14,36.0,13.0,3.0,0.8445466775057957
426787854631af08093236fbcd0cd554,RJ,cool_stuff,166.99,23.49,46.0,14.0,1.0,0.8444857787059558
d22e18fae4fa9ff5b0e28b9685e84365,ES,furniture_decor,226.77,46.05,44.0,19.0,3.0,0.844462973116357
81279a15416799e6580df60f66760a7b,MS,sports_leisure,1001.0,51.14,31.0,12.0,1.0,0.8444235502143449
60064a8ef6cf5a49ed3b7edbc7fd9eb6,PA,computers_accessories,41.9,25.63,60.0,29.0,1.0,0.8443943737316488
25e5f6a88a4525f820943240376c45c5,RJ,health_beauty,80.99,17.82,41.0,19.0,2.0,0.8443798231976987
8f0a30876e1febd0d9d5743b349c8e26,GO,bed_bath_table,83.36,16.34,48.0,16.0,1.0,0.8443078458731985
76df43658d302b7e5418f9c5b366b4bd,RJ,watches_gifts,284.8,19.87,51.0,32.0,1.0,0.8442334588159612
9fd3d5bb20296499ef3fbcaa4db31c39,CE,health_beauty,149.99,27.59,46.0,14.0,1.0,0.8442208878252065
953b30095a07fb4b4f3b90f84fe843eb,RS,health_beauty,149.9,21.54,44.0,13.0,1.0,0.8441977515770697
6966b21d5a0ca10f795dc14508c1b7bf,RJ,electronics,280.1,16.71,54.0,29.0,2.0,0.8439841585498506
b55d2a96491140f09e6d673289453c24,RJ,electronics,14.89,22.06,47.0,21.0,1.0,0.8439648910198422
c52e91d0960446c0624a5a984188ffba,BA,auto,1999.99,35.87,39.0,9.0,1.0,0.8439026386869752
650f8b4597bac2e03e644e6e6d2a1122,RJ,bed_bath_table,69.9,17.74,42.0,23.0,1.0,0.8438781726272596
8394f8f42f1b8e51e88bc1901c0ea3b2,RJ,perfumery,259.9,19.39,43.0,16.0,1.0,0.8438747869649236
04064f81e71399939f72222d7c701c47,RJ,sports_leisure,19.49,18.23,41.0,21.0,2.0,0.8438621862178598
57c8b21903ac8ad8de52488bbb4ada7b,MG,bed_bath_table,99.9,17.95,53.0,28.0,1.0,0.8438534306170645
1f68afd1b515cc9202ccaadf56181d57,RJ,agro_industry_and_commerce,465.0,26.63,39.0,16.0,1.0,0.8438419531561692
fa584838f0f64e25b892b5e883b2c606,RJ,bed_bath_table,53.0,16.13,49.0,24.0,1.0,0.8437221406716174
f162b72aa92d8ecf9cdb69e84fb2277c,CE,telephony,29.99,17.63,46.0,25.0,1.0,0.8436873846430355
95fbd229320a05e8835ea19d93ba9f1e,AL,health_beauty,109.9,34.57,49.0,15.0,2.0,0.8436865240209597
5f9bce13c005ed8b257d26c484455d58,PE,watches_gifts,123.0,37.55,51.0,14.0,1.0,0.843684744901628
d5f143e9c159a5f1c33f7477c89db770,MG,construction_tools_construction,1384.0,42.57,57.0,21.0,2.0,0.8435765935552586
2a4b7ff75e8b04e29d4111f8dac8abcd,RJ,garden_tools,53.9,21.35,47.0,25.0,1.0,0.8435673079053367
ee45911bb0f3165bc61d3cbf92f37506,CE,sports_leisure,199.9,26.68,45.0,11.0,1.0,0.8435607160394574
6282b84d6c369e1b6058285f860f4da4,CE,sports_leisure,109.0,39.03,42.0,19.0,1.0,0.8433591433085722
4bdbe1f2d1b360c34d90175e10ec090b,BA,furniture_decor,169.9,27.69,57.0,15.0,2.0,0.8432917592496884
1c308eca3f339414a92e518e2a2e5ee9,BA,bed_bath_table,49.95,16.79,57.0,25.0,1.5,0.8432839401882049
a1cff9f46b83ac0fb525c755e46851f8,RJ,auto,124.9,23.45,42.0,21.0,1.0,0.8432765212943361
3fc88ecf6531f387f4888fe47105b4a4,RN,kitchen_dining_laundry_garden_furniture,229.9,64.29,44.0,9.0,1.0,0.8432141068302845
985dbac2172bbf6b32bcca35da50d7a0,RN,baby,987.0,38.71,44.0,17.0,2.0,0.8431916142896249
e305fbc65af17a0b60a9fcff63ebcbe8,RJ,housewares,89.9,19.87,48.0,23.0,1.0,0.8431851734012342
782aa8c8856a043fdd997f8b869fe76c,RJ,computers_accessories,56.0,18.27,41.0,20.0,1.0,0.8431313411301146
abed4a9942ddbdf89cb7813557d89c62,RJ,bed_bath_table,99.9,17.95,45.0,25.0,1.0,0.8430990412316064
beed527292a9e9a0e10bc602565b510c,RJ,bed_bath_table,374.9,31.66,57.0,31.0,3.0,0.8430584385938504
38774303eed7ea4f45f31ba37969381d,SP,bed_bath_table,286.0,14.44,25.0,8.0,1.0,0.8430522250366959
9516708e3c4612677ddf7c9167b54076,SP,housewares,120.0,17.55,51.0,30.0,1.0,0.8430445348306522
ecb17a16374a8822430c8edb3358a407,PA,drinks,105.0,20.78,46.0,16.0,3.0,0.8428643440833955
28ff0422d12a02fb62ae4c9f9e9317f3,RJ,bed_bath_table,53.0,16.13,38.0,20.0,2.0,0.8428485903123768
7e7ce1bc81b9dfd761f11ce02aa3b5c6,PA,watches_gifts,228.0,26.88,44.0,11.0,1.0,0.842843567632497
c537dcd8b3ea902501cfa7610144a641,RJ,home_construction,261.0,15.58,55.0,36.0,1.0,0.8427653008526519
f0b3b8301161711933b5fa04d6191a0e,RJ,health_beauty,29.9,18.23,48.0,26.0,1.0,0.8427151762999385
9d3c48c87bfb7e8b574b4d375f882841,MG,bed_bath_table,159.9,28.5,60.0,33.0,1.0,0.842700530060441
bf59b8c2b20f173069f5304326665611,PR,computers_accessories,149.9,13.18,25.0,8.0,1.0,0.842699203357135
094dbecbb0ab054a620f21c04e82df03,RJ,toys,25.6,16.11,49.0,24.0,1.0,0.8426575727599881
e3254323dd511d109978d37345cdcbae,RJ,auto,659.0,42.13,59.0,19.0,1.0,0.8426485078611495
8e8fa3f7495c77b64b5be78ad49c4a8f,PE,toys,89.9,42.69,46.0,18.0,1.0,0.8425922268123637
35f741bc89012d1594cfb82d0d9da8b8,RJ,computers_accessories,196.0,16.13,31.0,13.0,1.0,0.8425732852279897
1ddfa120c8ef1f70ac2fa0aefb241675,SP,sports_leisure,159.9,14.14,25.0,7.0,1.0,0.8425667298740208
630740e03f6373612399c5e8cca3c3c3,SP,sports_leisure,170.0,13.63,29.0,14.0,1.0,0.8425150634982161
278340587458d6ef7070f79b08bca8b8,PR,construction_tools_construction,172.04,16.08,41.0,25.0,1.0,0.8424897027597371
7cc3506c6d4d61a98dc64418c1026d0e,RJ,bed_bath_table,69.9,23.07,42.0,20.0,2.0,0.8424691076641512
50bbd6f58e1641ea899a67a31871cc73,SP,home_appliances,129.99,22.51,35.0,17.0,1.0,0.8424598088827867
3c22fe6868c666f6a4edc2c5456c26aa,RJ,furniture_decor,113.0,21.28,49.0,28.0,1.0,0.8424448720204193
5b9f98f4f7f84913dfb746a86bb11ab1,PR,drinks,47.49,16.11,44.0,19.0,1.0,0.842420249003909
fcf77320278b491829c6e5d767a3f20d,RS,bed_bath_table,279.9,32.71,59.0,35.0,1.0,0.8424108470612767
51c3d73e0e905225319f9ae8b56837fb,SP,watches_gifts,146.92,12.53,31.0,12.0,2.0,0.8423899666431822
a7b9ca3e1958817f0415ebbf1fef3941,RJ,computers_accessories,149.9,17.49,46.0,21.0,1.0,0.8423027706870829
86fc1ff8e36ed9aa98ba49bca26d44c3,BA,watches_gifts,499.99,19.94,47.0,14.0,1.0,0.8422293957552801
054db90b78e9a5af5983855572b4e6d8,RS,perfumery,154.99,15.83,55.0,21.0,3.0,0.8419524605986709
88096595631e8d26b658306256e3ce34,RJ,baby,278.0,20.19,45.0,13.0,1.0,0.8419370072549656
9da6e3bacbae9dfb6f886b2fcdd80bcd,PR,toys,239.9,14.83,42.0,18.0,2.0,0.8419073116938829
4cab646fdec6d36f60c2febb8a595b8e,RJ,watches_gifts,168.8,14.93,41.0,17.0,1.0,0.8418218903161676
bfdda01969e3428f5b74096b3d6081d9,SP,health_beauty,49.9,18.23,42.0,23.0,1.0,0.8417470913845555
8a5752db160f5853a435772f9c862b14,RJ,bed_bath_table,116.9,16.58,46.0,24.0,1.0,0.8417406304866057
f087f83b6e2db9f35f412e6ce337a35f,MG,watches_gifts,204.0,18.68,36.0,13.0,1.0,0.8416578146738048
64397bf4c493c0fa84f413977e87da93,ES,housewares,35.9,19.32,48.0,24.0,1.0,0.8416572093209613
58be617c22afd358984d890ce826e0c9,RJ,health_beauty,79.0,15.3,44.0,21.0,1.0,0.8416171002962651
b73c273d02a8045c60df03ae7c03dc4b,PE,cool_stuff,129.99,29.31,61.0,28.0,1.0,0.841463192859538
14e02ed9bb6ea11904967b279f41df37,RJ,cool_stuff,64.9,25.29,61.0,30.0,1.0,0.8414246108746983
32fef9bb0f0402350b640eb6f13dbe09,MG,health_beauty,97.65,18.56,56.0,35.0,1.0,0.841399043762812
e6a006d997a8902ad7c42ec5719963b7,SC,,157.77,15.98,26.0,6.0,1.0,0.841396853604272
95886fbb27fa9240539af22614117003,RJ,furniture_living_room,179.99,27.58,39.0,16.0,1.0,0.8413462646385865
cf082b2bb0204ce0ba54ba584cbd3fd4,MG,bed_bath_table,139.8,47.59,45.0,20.0,1.0,0.8412441319607952
b32b873f99e4025c2e69eed86c1bcc97,SE,watches_gifts,649.0,26.86,41.0,14.0,1.0,0.8410805057165514
3cf732ae03a74a50fc69cbfe6cb978fc,RJ,computers_accessories,72.89,16.95,58.0,35.0,1.0,0.8410739270036155
746abc8ae9eb8c8f21a6c916527ff5ba,RJ,baby,51.87,16.12,49.0,31.0,1.0,0.8409550196322488
25be4c1614c609d9063279e155d7492b,BA,consoles_games,154.08,18.65,46.0,21.0,4.0,0.840923894206464
8599e76adf580692cddfebfcea8042f0,RJ,watches_gifts,204.0,18.68,39.0,13.0,1.0,0.8408351101287774
6c6dad92bd68fb80a8f11e4befd41d36,ES,auto,169.99,16.07,26.0,6.0,1.0,0.8408029334312952
8db4732513ea9f79910c0de430ec946d,BA,garden_tools,53.9,19.62,43.0,19.0,2.0,0.8407791013758192
c8023e0c57ff641ff4ddedebd343128b,DF,computers_accessories,149.9,13.34,28.0,8.0,1.0,0.8407493419601835
2c60bc71e6da917194c35fa7c8477e7f,RJ,telephony,27.99,15.1,42.0,21.0,1.0,0.8406595660080631
1b506ab4d2fae3d70d95f8d0a4d8d094,RJ,watches_gifts,179.9,16.01,35.0,14.0,1.0,0.8406549295684668
b9e06b464a393125fae96912f6b4016a,RJ,air_conditioning,199.0,17.15,43.0,17.0,1.0,0.8406250086653284
d8734ba226623cf1c86b3cce8cbffa78,RJ,construction_tools_construction,569.0,20.42,57.0,24.0,1.0,0.8406092767569946
47aae990d1ea088fd601ee94fcdfe652,SP,health_beauty,325.0,10.47,25.0,10.0,1.0,0.8405092807777919
98e84c5fef5422dde7fa1927c43adab0,RJ,toys,141.94,35.5,44.0,15.0,1.0,0.8403868134652237
510bff1cf06be1143d3b6698df2fd486,RJ,cool_stuff,389.9,16.48,31.0,9.0,1.0,0.8403712463655755
f811e0db5991b2b39a1fe8a057fc6f96,RJ,bed_bath_table,99.9,23.28,49.0,22.0,1.0,0.8403483496729993
39b9820979b360fd55967934e0bc3f80,RJ,cool_stuff,88.0,17.87,44.0,20.0,1.0,0.8403116778149432
8489131c7dcc42a6d6d7df1be6802643,RO,sports_leisure,120.0,23.34,45.0,15.0,2.0,0.840243325672863
7a278d560ec8ffedc0f4e11836858a6f,BA,health_beauty,149.9,20.29,43.0,17.0,1.0,0.8402334543435325
942e1205a3ca6fd0147718ac16f4bb54,RJ,office_furniture,149.94,43.25,51.0,28.0,1.0,0.840217724885243
bf3381b72ab1dc63ee282883a9018a9d,RJ,musical_instruments,389.0,25.04,38.0,15.0,1.0,0.8402176927387149
0a84b71d2fd93eeae49d3149a3e08003,RJ,furniture_decor,149.98,25.89,41.0,21.0,1.0,0.8401967153170837
811b70e43e686c9cc60da34db3f4176d,RJ,watches_gifts,98.9,19.93,48.0,19.0,1.0,0.840159369487741
88e06e052985636ec90e5e7337150b62,SC,perfumery,379.9,11.83,35.0,13.0,2.0,0.84015266514237
ac3bbb3fc408398a21fd798ff938c129,SC,baby,25.18,18.23,37.0,19.0,2.0,0.8401480899674845
e5ca14277889553a80cd3b8379bb9389,RJ,luggage_accessories,102.9,17.97,42.0,20.0,4.0,0.8401380269340951
ece3ab91bd67ba73563dd0468fc3bde2,CE,perfumery,207.5,36.77,45.0,9.0,2.0,0.8401197879209912
a7ccc4df2d363b2ba9037d1ef834a250,SP,watches_gifts,165.0,16.78,30.0,11.0,1.0,0.8401064966860601
04031be66943a9c385ff683fcc99d288,RJ,health_beauty,109.9,14.52,37.0,19.0,1.0,0.8400727173456254
6d8d761e59ad4c88b15467b203d3367e,PE,bed_bath_table,220.0,38.68,45.0,13.0,1.0,0.8400706421848781
ed5ca6f65d3f6aef9523179820d7e294,CE,sports_leisure,259.0,34.26,40.0,18.0,1.0,0.8400406745706077
b3f7f632c85da6b71020c45771e67c5e,RJ,watches_gifts,188.0,19.2,40.0,19.0,2.0,0.8400170556696956
6bf14ce96e0c6026fe21f80a498bb446,RJ,auto,559.0,41.43,61.0,28.0,1.0,0.8399552439521291
d1b62a5d2ca100631325506820830ec2,DF,luggage_accessories,102.9,17.97,46.0,22.0,2.0,0.8398962523459902
91bd70d2eea039bdce8aa710d69ad630,RJ,office_furniture,139.94,59.53,46.0,19.0,1.0,0.8397830540378373
3834305e2900c25bd4f81680aca69373,RS,health_beauty,79.0,15.3,49.0,16.0,3.0,0.8397754751433177
b74e2b985df55c2df5b2be2d9c1f68b4,RJ,health_beauty,89.99,16.39,48.0,27.0,1.0,0.8397683423319581
c8d355d9b0027d16b4f22804df2bbc2d,BA,garden_tools,96.99,22.18,68.0,29.0,1.0,0.8397663625110934
466e5cddccc661ae332697cc83dcafb1,RJ,health_beauty,31.99,22.93,56.0,31.0,1.0,0.8397644190551035
102f840f0c7fb82a5e0568624b41b3e5,DF,perfumery,319.0,18.2,35.0,13.0,1.0,0.8397020720321446
74ad3397d84521ee94f326aad1a35d14,RJ,furniture_decor,140.0,49.51,54.0,30.0,1.0,0.8396943395568066
2e0ff81253a7fa54020cedbb9835d1c7,SP,furniture_decor,299.9,23.84,43.0,16.0,2.0,0.839642069608405
67df019d84e04f3b626f8ede2dce4517,RS,housewares,130.0,18.71,57.0,28.0,3.0,0.8396159346643832
86f338c63b1a96a85a977708315c90a0,RJ,health_beauty,95.0,18.55,37.0,20.0,2.0,0.8396150327849632
bca5631d3061da1301ceaf05bbf83e69,ES,telephony,27.99,15.23,39.0,22.0,1.0,0.8396052884054237
8800d14eb6eb6031624538ca8750b921,RJ,computers_accessories,109.9,15.52,49.0,27.0,1.0,0.8395755978955872
5d6e9993ecc20a59e637ce711858d081,PR,electronics,29.5,14.52,62.0,24.0,1.0,0.8395326953347417
df1b378ac0b21d71ef1e642971d31530,DF,furniture_decor,29.9,14.11,58.0,18.0,3.0,0.839457940476566
203acfb176ad05fd52bc951bd747ad91,SC,construction_tools_safety,76.9,15.29,56.0,33.0,1.0,0.8394497981079418
109b43dc12d67a5107cbbfb7fe98d0ae,GO,computers_accessories,179.9,16.01,55.0,28.0,3.0,0.8394166760629711
27819e1adc36766f4de3e79fa3b8c04d,SC,garden_tools,98.0,35.34,44.0,19.0,1.0,0.8393670028157002
8a0b2bc5c7a1c524635f4de8bae9dffe,RS,cool_stuff,970.0,38.3,57.0,29.0,1.0,0.8393664339883014
95eba7f91699dbaf0acd3ab3f70785c1,GO,furniture_decor,250.0,43.95,46.0,27.0,1.0,0.8393548834882207
f5691c2b1ca263490374d13d020bd950,TO,toys,134.9,38.08,58.0,32.0,1.0,0.8392815030299998
